date,net_asset_value
2020-01-02,10000000.00
2020-01-03,10000000.00
2020-01-06,10000000.00
2020-01-07,10000000.00
2020-01-08,10000000.00
2020-01-09,10000000.00
2020-01-10,10000000.00
2020-01-13,10000000.00
2020-01-14,10000000.00
2020-01-15,10000000.00
2020-01-16,10000000.00
2020-01-17,10000000.00
2020-01-20,10000000.00
2020-01-21,10000000.00
2020-01-22,10000000.00
2020-01-23,10000000.00
2020-02-03,10000000.00
2020-02-04,10000000.00
2020-02-05,10000000.00
2020-02-06,10000000.00
2020-02-07,10000000.00
2020-02-10,10000000.00
2020-02-11,10000000.00
2020-02-12,10000000.00
2020-02-13,10000000.00
2020-02-14,9964000.00
2020-02-17,10033840.00
2020-02-18,9916000.00
2020-02-19,10066000.00
2020-02-20,10324000.00
2020-02-21,10262560.00
2020-02-24,9954160.00
2020-02-25,9805720.00
2020-02-26,9792400.00
2020-02-27,9956680.00
2020-02-28,9592000.00
2020-03-02,9592000.00
2020-03-03,9592000.00
2020-03-04,9592000.00
2020-03-05,10054880.00
2020-03-06,9884380.00
2020-03-09,9427990.00
2020-03-10,9889880.00
2020-03-11,9917600.00
2020-03-12,9697380.00
2020-03-13,9406210.00
2020-03-16,8910880.00
2020-03-17,8669980.00
2020-03-18,8669980.00
2020-03-19,8669980.00
2020-03-20,8669980.00
2020-03-23,8669980.00
2020-03-24,8669980.00
2020-03-25,8669980.00
2020-03-26,8669980.00
2020-03-27,8669980.00
2020-03-30,8669980.00
2020-03-31,8669980.00
2020-04-01,8669980.00
2020-04-02,8669980.00
2020-04-03,8619443.00
2020-04-07,8814995.00
2020-04-08,8813152.00
2020-04-09,8800930.00
2020-04-10,8863980.00
2020-04-13,8837790.00
2020-04-14,9058950.00
2020-04-15,9102600.00
2020-04-16,9175350.00
2020-04-17,9455680.00
2020-04-20,9468290.00
2020-04-21,9203480.00
2020-04-22,9635130.00
2020-04-23,9710402.00
2020-04-24,9693912.00
2020-04-27,9940680.00
2020-04-28,9971041.00
2020-04-29,9930010.00
2020-04-30,9840770.00
2020-05-06,10173480.00
2020-05-07,10289880.00
2020-05-08,10315197.00
2020-05-11,10396677.00
2020-05-12,10493580.00
2020-05-13,10522195.00
2020-05-14,10431403.00
2020-05-15,10299580.00
2020-05-18,10621717.00
2020-05-19,10620747.00
2020-05-20,10668180.00
2020-05-21,10814650.00
2020-05-22,10447020.00
2020-05-25,10783610.00
2020-05-26,10736080.00
2020-05-27,10542080.00
2020-05-28,10600280.00
2020-05-29,10819500.00
2020-06-01,11332630.00
2020-06-02,11247367.00
2020-06-03,11136690.00
2020-06-04,11220983.00
2020-06-05,11385980.00
2020-06-08,11202650.00
2020-06-09,11304015.00
2020-06-10,11372982.00
2020-06-11,11147942.00
2020-06-12,11302269.00
2020-06-15,10978580.00
2020-06-16,11181116.00
2020-06-17,11191980.00
2020-06-18,11269580.00
2020-06-19,11529928.00
2020-06-22,11521780.00
2020-06-23,11866130.00
2020-06-24,11890768.00
2020-06-29,11921420.00
2020-06-30,11918607.00
2020-07-01,12223090.00
2020-07-02,12705471.00
2020-07-03,12684034.00
2020-07-06,13248671.00
2020-07-07,14102271.00
2020-07-08,14037669.00
2020-07-09,14276871.00
2020-07-10,14353016.00
2020-07-13,15013974.00
2020-07-14,14820071.00
2020-07-15,14728212.00
2020-07-16,13384471.00
2020-07-17,13714756.00
2020-07-20,13607183.00
2020-07-21,13908271.00
2020-07-22,14006047.00
2020-07-23,13985871.00
2020-07-24,13203081.00
2020-07-27,13467406.00
2020-07-28,13927671.00
2020-07-29,13927671.00
2020-07-30,13927671.00
2020-07-31,13927671.00
2020-08-03,13927671.00
2020-08-04,13927671.00
2020-08-05,13927671.00
2020-08-06,13927671.00
2020-08-07,13927671.00
2020-08-10,13927671.00
2020-08-11,13927671.00
2020-08-12,13927671.00
2020-08-13,13927671.00
2020-08-14,13927671.00
2020-08-17,13927671.00
2020-08-18,13927671.00
2020-08-19,13756671.00
2020-08-20,13538171.00
2020-08-21,13652171.00
2020-08-24,13845496.00
2020-08-25,14136671.00
2020-08-26,14136671.00
2020-08-27,14174671.00
2020-08-28,14421671.00
2020-08-31,14701921.00
2020-09-01,14848981.00
2020-09-02,14782671.00
2020-09-03,14763671.00
2020-09-04,14545171.00
2020-09-07,14103421.00
2020-09-08,13988471.00
2020-09-09,13766171.00
2020-09-10,13935271.00
2020-09-11,13935271.00
2020-09-14,13935271.00
2020-09-15,13935271.00
2020-09-16,13935271.00
2020-09-17,13427677.00
2020-09-18,13427677.00
2020-09-21,13427677.00
2020-09-22,13427677.00
2020-09-23,13427677.00
2020-09-24,13427677.00
2020-09-25,13427677.00
2020-09-28,13427677.00
2020-09-29,13427677.00
2020-09-30,13427677.00
2020-10-09,13427677.00
2020-10-12,13427677.00
2020-10-13,13427677.00
2020-10-14,13338677.00
2020-10-15,13303077.00
2020-10-16,13187377.00
2020-10-19,13071677.00
2020-10-20,13383177.00
2020-10-21,13377214.00
2020-10-22,13458827.00
2020-10-23,13217014.00
2020-10-26,12573277.00
2020-10-27,12413077.00
2020-10-28,12767386.00
2020-10-29,12767386.00
2020-10-30,12767386.00
2020-11-02,12767386.00
2020-11-03,12767386.00
2020-11-04,12767386.00
2020-11-05,12767386.00
2020-11-06,12767386.00
2020-11-09,12767386.00
2020-11-10,12788041.00
2020-11-11,12672016.00
2020-11-12,12701256.00
2020-11-13,12448041.00
2020-11-16,12660966.00
2020-11-17,12539841.00
2020-11-18,12351566.00
2020-11-19,12577156.00
2020-11-20,12575201.00
2020-11-23,13172326.00
2020-11-24,12945291.00
2020-11-25,12634021.00
2020-11-26,12697856.00
2020-11-27,12727691.00
2020-11-30,12523776.00
2020-12-01,12720041.00
2020-12-02,12728626.00
2020-12-03,12822041.00
2020-12-04,13196976.00
2020-12-07,13360941.00
2020-12-08,13680541.00
2020-12-09,13595541.00
2020-12-10,13535191.00
2020-12-11,13425541.00
2020-12-14,13502041.00
2020-12-15,13391626.00
2020-12-16,13595541.00
2020-12-17,13812376.00
2020-12-18,13638041.00
2020-12-21,13616791.00
2020-12-22,13944041.00
2020-12-23,13609566.00
2020-12-24,13513431.00
2020-12-25,13510541.00
2020-12-28,13876041.00
2020-12-29,13825041.00
2020-12-30,14386041.00
2020-12-31,14938541.00
2021-01-04,14930041.00
2021-01-05,15460866.00
2021-01-06,15805541.00
2021-01-07,16145541.00
2021-01-08,15720541.00
2021-01-11,15803246.00
2021-01-12,16323191.00
2021-01-13,16349541.00
2021-01-14,16094541.00
2021-01-15,15652541.00
2021-01-18,15491041.00
2021-01-19,15035526.00
2021-01-20,15300896.00
2021-01-21,15550541.00
2021-01-22,15635116.00
2021-01-25,16443041.00
2021-01-26,16161606.00
2021-01-27,15712041.00
2021-01-28,15703541.00
2021-01-29,15943071.00
2021-02-01,15884761.00
2021-02-02,16188041.00
2021-02-03,16569776.00
2021-02-04,17682766.00
2021-02-05,17616041.00
2021-02-08,18090341.00
2021-02-09,18835196.00
2021-02-10,20064041.00
2021-02-18,18959041.00
2021-02-19,18865541.00
2021-02-22,17403711.00
2021-02-23,17565041.00
2021-02-24,16562041.00
2021-02-25,16230541.00
2021-02-26,15999171.00
2021-03-01,15999171.00
2021-03-02,15999171.00
2021-03-03,15999171.00
2021-03-04,15999171.00
2021-03-05,15999171.00
2021-03-08,15999171.00
2021-03-09,15999171.00
2021-03-10,15999171.00
2021-03-11,15999171.00
2021-03-12,15999171.00
2021-03-15,15999171.00
2021-03-16,15999171.00
2021-03-17,15999171.00
2021-03-18,15999171.00
2021-03-19,15999171.00
2021-03-22,15999171.00
2021-03-23,15999171.00
2021-03-24,15999171.00
2021-03-25,15999171.00
2021-03-26,15999171.00
2021-03-29,15999171.00
2021-03-30,15999171.00
2021-03-31,15999171.00
2021-04-01,16318671.00
2021-04-02,17376171.00
2021-04-06,17052441.00
2021-04-07,16467171.00
2021-04-08,16548171.00
2021-04-09,16098171.00
2021-04-12,15998181.00
2021-04-13,16107171.00
2021-04-14,16341171.00
2021-04-15,16341171.00
2021-04-16,16341171.00
2021-04-19,16341171.00
2021-04-20,16401011.00
2021-04-21,16270771.00
2021-04-22,16055171.00
2021-04-23,16525443.00
2021-04-26,16251587.00
2021-04-27,16397843.00
2021-04-28,15936371.00
2021-04-29,15798739.00
2021-04-30,15626435.00
2021-05-06,15626435.00
2021-05-07,15626435.00
2021-05-10,15626435.00
2021-05-11,15626435.00
2021-05-12,15626435.00
2021-05-13,15626435.00
2021-05-14,15626435.00
2021-05-17,15626435.00
2021-05-18,15626435.00
2021-05-19,15626435.00
2021-05-20,15711403.00
2021-05-21,15567095.00
2021-05-24,15818129.00
2021-05-25,16877735.00
2021-05-26,17097035.00
2021-05-27,17312035.00
2021-05-28,17183035.00
2021-05-31,17079835.00
2021-06-01,17277205.00
2021-06-02,17114235.00
2021-06-03,17116127.00
2021-06-04,17367935.00
2021-06-07,17535635.00
2021-06-08,16847635.00
2021-06-09,16920735.00
2021-06-10,17255963.00
2021-06-11,16742801.00
2021-06-15,16864835.00
2021-06-16,16563835.00
2021-06-17,16554461.00
2021-06-18,16554461.00
2021-06-21,16554461.00
2021-06-22,16554461.00
2021-06-23,16554461.00
2021-06-24,16554461.00
2021-06-25,16554461.00
2021-06-28,16554461.00
2021-06-29,16554461.00
2021-06-30,16554461.00
2021-07-01,16554461.00
2021-07-02,16554461.00
2021-07-05,16554461.00
2021-07-06,16554461.00
2021-07-07,16554461.00
2021-07-08,16554461.00
2021-07-09,16554461.00
2021-07-12,16554461.00
2021-07-13,16554461.00
2021-07-14,16554461.00
2021-07-15,16554461.00
2021-07-16,16554461.00
2021-07-19,16554461.00
2021-07-20,16554461.00
2021-07-21,16554461.00
2021-07-22,16554461.00
2021-07-23,16554461.00
2021-07-26,16554461.00
2021-07-27,16554461.00
2021-07-28,16554461.00
2021-07-29,16554461.00
2021-07-30,16554461.00
2021-08-02,16554461.00
2021-08-03,16554461.00
2021-08-04,16554461.00
2021-08-05,16554461.00
2021-08-06,16554461.00
2021-08-09,16554461.00
2021-08-10,16554461.00
2021-08-11,16554461.00
2021-08-12,16554461.00
2021-08-13,16554461.00
2021-08-16,16554461.00
2021-08-17,16554461.00
2021-08-18,16554461.00
2021-08-19,16554461.00
2021-08-20,16554461.00
2021-08-23,16554461.00
2021-08-24,16554461.00
2021-08-25,16554461.00
2021-08-26,16554461.00
2021-08-27,16554461.00
2021-08-30,16554461.00
2021-08-31,16554461.00
2021-09-01,16554461.00
2021-09-02,16554461.00
2021-09-03,16554461.00
2021-09-06,16554461.00
2021-09-07,16554461.00
2021-09-08,16145201.00
2021-09-09,16156373.00
2021-09-10,16481273.00
2021-09-13,16383461.00
2021-09-14,16417661.00
2021-09-15,15947297.00
2021-09-16,16201859.00
2021-09-17,16748261.00
2021-09-22,16197527.00
2021-09-23,16166861.00
2021-09-24,16839461.00
2021-09-27,18674861.00
2021-09-28,18299345.00
2021-09-29,18275861.00
2021-09-30,18389861.00
2021-10-08,18499301.00
2021-10-11,18813029.00
2021-10-12,18857147.00
2021-10-13,19528721.00
2021-10-14,19313261.00
2021-10-15,19381319.00
2021-10-18,18047861.00
2021-10-19,18186713.00
2021-10-20,18515261.00
2021-10-21,18549461.00
2021-10-22,19199261.00
2021-10-25,18880403.00
2021-10-26,18743831.00
2021-10-27,18264461.00
2021-10-28,18338447.00
2021-10-29,18345173.00
2021-11-01,18345173.00
2021-11-02,18345173.00
2021-11-03,18345173.00
2021-11-04,18345173.00
2021-11-05,18345173.00
2021-11-08,18345173.00
2021-11-09,18345173.00
2021-11-10,18345173.00
2021-11-11,18345173.00
2021-11-12,18345173.00
2021-11-15,18345173.00
2021-11-16,18345173.00
2021-11-17,18345173.00
2021-11-18,18345173.00
2021-11-19,18345173.00
2021-11-22,18345173.00
2021-11-23,18817365.00
2021-11-24,19316549.00
2021-11-25,19484885.00
2021-11-26,19316661.00
2021-11-29,19809349.00
2021-11-30,19201973.00
2021-12-01,19226837.00
2021-12-02,19238149.00
2021-12-03,19662405.00
2021-12-06,19611109.00
2021-12-07,19483093.00
2021-12-08,20458949.00
2021-12-09,20946709.00
2021-12-10,20985349.00
2021-12-13,21301189.00
2021-12-14,21657349.00
2021-12-15,21489349.00
2021-12-16,21310037.00
2021-12-17,20545189.00
2021-12-20,20637701.00
2021-12-21,20405189.00
2021-12-22,20514949.00
2021-12-23,21321349.00
2021-12-24,22151157.00
2021-12-27,21453733.00
2021-12-28,21524965.00
2021-12-29,20436549.00
2021-12-30,20817349.00
2021-12-31,20537349.00
2022-01-04,20551125.00
2022-01-05,20551125.00
2022-01-06,20551125.00
2022-01-07,20551125.00
2022-01-10,20551125.00
2022-01-11,20551125.00
2022-01-12,20551125.00
2022-01-13,20551125.00
2022-01-14,20551125.00
2022-01-17,20551125.00
2022-01-18,20551125.00
2022-01-19,20551125.00
2022-01-20,20551125.00
2022-01-21,20551125.00
2022-01-24,20551125.00
2022-01-25,20551125.00
2022-01-26,20551125.00
2022-01-27,20551125.00
2022-01-28,19638525.00
2022-02-07,19638525.00
2022-02-08,19638525.00
2022-02-09,19638525.00
2022-02-10,19638525.00
2022-02-11,19638525.00
2022-02-14,19638525.00
2022-02-15,19638525.00
2022-02-16,19638525.00
2022-02-17,19638525.00
2022-02-18,19638525.00
2022-02-21,19638525.00
2022-02-22,19638525.00
2022-02-23,19638525.00
2022-02-24,19638525.00
2022-02-25,19638525.00
2022-02-28,19638525.00
2022-03-01,19638525.00
2022-03-02,19638525.00
2022-03-03,19638525.00
2022-03-04,19638525.00
2022-03-07,19638525.00
2022-03-08,19638525.00
2022-03-09,19638525.00
2022-03-10,19638525.00
2022-03-11,19638525.00
2022-03-14,19638525.00
2022-03-15,19638525.00
2022-03-16,19638525.00
2022-03-17,19638525.00
2022-03-18,19638525.00
2022-03-21,19638525.00
2022-03-22,19638525.00
2022-03-23,19638525.00
2022-03-24,19638525.00
2022-03-25,19638525.00
2022-03-28,19638525.00
2022-03-29,19638525.00
2022-03-30,19638525.00
2022-03-31,19638525.00
2022-04-01,19638525.00
2022-04-06,19638525.00
2022-04-07,19638525.00
2022-04-08,19879825.00
2022-04-11,19067025.00
2022-04-12,19854425.00
2022-04-13,19689325.00
2022-04-14,20197325.00
2022-04-15,20159098.00
2022-04-18,19966439.00
2022-04-19,19959835.00
2022-04-20,20044925.00
2022-04-21,19828771.00
2022-04-22,19740125.00
2022-04-25,18914625.00
2022-04-26,19225521.00
2022-04-27,20018509.00
2022-04-28,20018509.00
2022-04-29,20018509.00
2022-05-05,20125397.00
2022-05-06,19579797.00
2022-05-09,19071397.00
2022-05-10,19247353.00
2022-05-11,19269797.00
2022-05-12,19203705.00
2022-05-13,19203705.00
2022-05-16,19203705.00
2022-05-17,19203705.00
2022-05-18,19203705.00
2022-05-19,19203705.00
2022-05-20,19203705.00
2022-05-23,19203705.00
2022-05-24,19203705.00
2022-05-25,19203705.00
2022-05-26,19203705.00
2022-05-27,19203705.00
2022-05-30,19203705.00
2022-05-31,19203705.00
2022-06-01,19203705.00
2022-06-02,19176255.00
2022-06-06,19200655.00
2022-06-07,19565435.00
2022-06-08,20147375.00
2022-06-09,19993655.00
2022-06-10,20574375.00
2022-06-13,20030255.00
2022-06-14,20213255.00
2022-06-15,20263275.00
2022-06-16,20286455.00
2022-06-17,21189255.00
2022-06-20,21079699.00
2022-06-21,21125083.00
2022-06-22,21006255.00
2022-06-23,21263675.00
2022-06-24,21896977.00
2022-06-27,21915765.00
2022-06-28,22226255.00
2022-06-29,22153055.00
2022-06-30,22600429.00
2022-07-01,22405839.00
2022-07-04,22271029.00
2022-07-05,22454151.00
2022-07-06,22075829.00
2022-07-07,21929429.00
2022-07-08,22039229.00
2022-07-11,21607349.00
2022-07-12,21422031.00
2022-07-13,21549887.00
2022-07-14,21549887.00
2022-07-15,21549887.00
2022-07-18,21549887.00
2022-07-19,21549887.00
2022-07-20,21549887.00
2022-07-21,21549887.00
2022-07-22,21549887.00
2022-07-25,21549887.00
2022-07-26,21549887.00
2022-07-27,21549887.00
2022-07-28,21549887.00
2022-07-29,21549887.00
2022-08-01,21549887.00
2022-08-02,21549887.00
2022-08-03,21549887.00
2022-08-04,21549887.00
2022-08-05,21549887.00
2022-08-08,21549887.00
2022-08-09,21549887.00
2022-08-10,21549887.00
2022-08-11,21549887.00
2022-08-12,21549887.00
2022-08-15,21549887.00
2022-08-16,21549887.00
2022-08-17,21549887.00
2022-08-18,21268637.00
2022-08-19,21262512.00
2022-08-22,21249637.00
2022-08-23,21249637.00
2022-08-24,21249637.00
2022-08-25,21249637.00
2022-08-26,21249637.00
2022-08-29,21249637.00
2022-08-30,21249637.00
2022-08-31,21249637.00
2022-09-01,21249637.00
2022-09-02,21249637.00
2022-09-05,21249637.00
2022-09-06,21249637.00
2022-09-07,21249637.00
2022-09-08,21249637.00
2022-09-09,21249637.00
2022-09-13,21249637.00
2022-09-14,21249637.00
2022-09-15,21249637.00
2022-09-16,21249637.00
2022-09-19,21249637.00
2022-09-20,21330409.00
2022-09-21,20949409.00
2022-09-22,20604096.00
2022-09-23,20604096.00
2022-09-26,20604096.00
2022-09-27,20604096.00
2022-09-28,20604096.00
2022-09-29,20604096.00
2022-09-30,20508326.00
2022-10-10,19453026.00
2022-10-11,19379704.00
2022-10-12,19379704.00
2022-10-13,19379704.00
2022-10-14,19379704.00
2022-10-17,19379704.00
2022-10-18,19379704.00
2022-10-19,19379704.00
2022-10-20,19379704.00
2022-10-21,19379704.00
2022-10-24,19379704.00
2022-10-25,19379704.00
2022-10-26,19379704.00
2022-10-27,19379704.00
2022-10-28,19379704.00
2022-10-31,19379704.00
2022-11-01,19379704.00
2022-11-02,19379704.00
2022-11-03,19379704.00
2022-11-04,19379704.00
2022-11-07,19379704.00
2022-11-08,19379704.00
2022-11-09,19379704.00
2022-11-10,19379704.00
2022-11-11,19379704.00
2022-11-14,19379704.00
2022-11-15,19379704.00
2022-11-16,19341479.00
2022-11-17,19087804.00
2022-11-18,19089611.00
2022-11-21,18434226.00
2022-11-22,18711809.00
2022-11-23,18837604.00
2022-11-24,18434365.00
2022-11-25,18462443.00
2022-11-28,18293836.00
2022-11-29,19532604.00
2022-11-30,19532604.00
2022-12-01,19974624.00
2022-12-02,20017436.00
2022-12-05,20448614.00
2022-12-06,20769704.00
2022-12-07,20714104.00
2022-12-08,20756082.00
2022-12-09,21353504.00
2022-12-12,21478882.00
2022-12-13,21631504.00
2022-12-14,21921597.00
2022-12-15,22145665.00
2022-12-16,22143997.00
2022-12-19,21951204.00
2022-12-20,21145004.00
2022-12-21,21478604.00
2022-12-22,21881704.00
2022-12-23,21923404.00
2022-12-26,21521138.00
2022-12-27,21699753.00
2022-12-28,21699753.00
2022-12-29,21505153.00
2022-12-30,21616353.00
2023-01-03,21658192.00
2023-01-04,21588692.00
2023-01-05,22644953.00
2023-01-06,22683456.00
2023-01-09,23203733.00
2023-01-10,23387908.00
2023-01-11,23255858.00
2023-01-12,23103653.00
2023-01-13,23840353.00
2023-01-16,24200363.00
2023-01-17,24132253.00
2023-01-18,23923753.00
2023-01-19,23745972.00
2023-01-20,23465192.00
2023-01-30,23854253.00
2023-01-31,23267117.00
2023-02-01,23256136.00
2023-02-02,23132982.00
2023-02-03,22881253.00
2023-02-06,22561553.00
2023-02-07,22561553.00
2023-02-08,22561553.00
2023-02-09,22561553.00
2023-02-10,22561553.00
2023-02-13,22561553.00
2023-02-14,22561553.00
2023-02-15,22561553.00
2023-02-16,22561553.00
2023-02-17,22561553.00
2023-02-20,22561553.00
2023-02-21,22455153.00
2023-02-22,22042853.00
2023-02-23,21803453.00
2023-02-24,21404453.00
2023-02-27,21702506.00
2023-02-28,21702506.00
2023-03-01,21702506.00
2023-03-02,21702506.00
2023-03-03,21702506.00
2023-03-06,21702506.00
2023-03-07,21702506.00
2023-03-08,21702506.00
2023-03-09,21702506.00
2023-03-10,21702506.00
2023-03-13,21702506.00
2023-03-14,21702506.00
2023-03-15,21702506.00
2023-03-16,21702506.00
2023-03-17,21702506.00
2023-03-20,21702506.00
2023-03-21,21702506.00
2023-03-22,21702506.00
2023-03-23,21702506.00
2023-03-24,21702506.00
2023-03-27,21702506.00
2023-03-28,21702506.00
2023-03-29,21702506.00
2023-03-30,21836506.00
2023-03-31,22104506.00
2023-04-03,21864244.00
2023-04-04,22032012.00
2023-04-06,21795770.00
2023-04-07,21715772.00
2023-04-10,21457286.00
2023-04-11,21106206.00
2023-04-12,20417446.00
2023-04-13,20417446.00
2023-04-14,20417446.00
2023-04-17,20417446.00
2023-04-18,20417446.00
2023-04-19,20417446.00
2023-04-20,20417446.00
2023-04-21,20417446.00
2023-04-24,20417446.00
2023-04-25,20417446.00
2023-04-26,20417446.00
2023-04-27,20417446.00
2023-04-28,20417446.00
2023-05-04,20417446.00
2023-05-05,20417446.00
2023-05-08,20037154.00
2023-05-09,20056246.00
2023-05-10,20056246.00
2023-05-11,20056246.00
2023-05-12,20056246.00
2023-05-15,20056246.00
2023-05-16,20056246.00
2023-05-17,20056246.00
2023-05-18,20056246.00
2023-05-19,20056246.00
2023-05-22,20056246.00
2023-05-23,20056246.00
2023-05-24,20056246.00
2023-05-25,20056246.00
2023-05-26,20056246.00
2023-05-29,20056246.00
2023-05-30,20056246.00
2023-05-31,20056246.00
2023-06-01,20056246.00
2023-06-02,20056246.00
2023-06-05,20056246.00
2023-06-06,20056246.00
2023-06-07,20056246.00
2023-06-08,20056246.00
2023-06-09,20056246.00
2023-06-12,20056246.00
2023-06-13,20056246.00
2023-06-14,20056246.00
2023-06-15,20418994.00
2023-06-16,20969695.00
2023-06-19,20277094.00
2023-06-20,20270128.00
2023-06-21,20171701.00
2023-06-26,19825594.00
2023-06-27,19852039.00
2023-06-28,20075596.00
2023-06-29,19886353.00
2023-06-30,19927633.00
2023-07-03,20354623.00
2023-07-04,20438473.00
2023-07-05,20242135.00
2023-07-06,20082175.00
2023-07-07,19915120.00
2023-07-10,20055343.00
2023-07-11,20172733.00
2023-07-12,20172733.00
2023-07-13,20172733.00
2023-07-14,20172733.00
2023-07-17,19882555.00
2023-07-18,19792213.00
2023-07-19,19794733.00
2023-07-20,19807333.00
2023-07-21,20403313.00
2023-07-24,20401423.00
2023-07-25,21124663.00
2023-07-26,21124663.00
2023-07-27,21244111.00
2023-07-28,21987133.00
2023-07-31,21780241.00
2023-08-01,21886333.00
2023-08-02,21772933.00
2023-08-03,21753655.00
2023-08-04,21942655.00
2023-08-07,21872851.00
2023-08-08,21898933.00
2023-08-09,21902461.00
2023-08-10,21709933.00
2023-08-11,21193333.00
2023-08-14,20802733.00
2023-08-15,20928481.00
2023-08-16,21016933.00
2023-08-17,21016933.00
2023-08-18,21016933.00
2023-08-21,21016933.00
2023-08-22,21016933.00
2023-08-23,21016933.00
2023-08-24,21016933.00
2023-08-25,21016933.00
2023-08-28,21016933.00
2023-08-29,21016933.00
2023-08-30,21016933.00
2023-08-31,21016933.00
2023-09-01,21067153.00
2023-09-04,21252533.00
2023-09-05,21162013.00
2023-09-06,21190533.00
2023-09-07,20905333.00
2023-09-08,20663533.00
2023-09-11,20709041.00
2023-09-12,20681637.00
2023-09-13,20681017.00
2023-09-14,20681017.00
2023-09-15,20681017.00
2023-09-18,20681017.00
2023-09-19,20681017.00
2023-09-20,20681017.00
2023-09-21,20681017.00
2023-09-22,20681017.00
2023-09-25,20681017.00
2023-09-26,20681017.00
2023-09-27,20681017.00
2023-09-28,20681017.00
2023-10-09,20681017.00
2023-10-10,20681017.00
2023-10-11,20681017.00
2023-10-12,20681017.00
2023-10-13,20681017.00
2023-10-16,20681017.00
2023-10-17,20681017.00
2023-10-18,20681017.00
2023-10-19,20681017.00
2023-10-20,20681017.00
2023-10-23,20681017.00
2023-10-24,20681017.00
2023-10-25,20681017.00
2023-10-26,20681017.00
2023-10-27,20681017.00
2023-10-30,20681017.00
2023-10-31,20681017.00
2023-11-01,20681017.00
2023-11-02,20681017.00
2023-11-03,21084115.00
2023-11-06,21093767.00
2023-11-07,20829226.00
2023-11-08,20920285.00
2023-11-09,20866564.00
2023-11-10,20634535.00
2023-11-13,20484167.00
2023-11-14,20500296.00
2023-11-15,20597578.00
2023-11-16,20434002.00
2023-11-17,20349801.00
2023-11-20,20465117.00
2023-11-21,20814367.00
2023-11-22,20706544.00
2023-11-23,20763567.00
2023-11-24,20649267.00
2023-11-27,20471467.00
2023-11-28,20548175.00
2023-11-29,20548175.00
2023-11-30,20548175.00
2023-12-01,20548175.00
2023-12-04,20548175.00
2023-12-05,20548175.00
2023-12-06,20548175.00
2023-12-07,20548175.00
2023-12-08,20548175.00
2023-12-11,20548175.00
2023-12-12,20548175.00
2023-12-13,20548175.00
2023-12-14,20548175.00
2023-12-15,20548175.00
2023-12-18,20548175.00
2023-12-19,20548175.00
2023-12-20,20548175.00
2023-12-21,20548175.00
2023-12-22,20548175.00
2023-12-25,20548175.00
2023-12-26,20548175.00
2023-12-27,20548175.00
2023-12-28,20548175.00
2023-12-29,20561204.00
2024-01-02,20032433.00
2024-01-03,20148404.00
2024-01-04,19825904.00
2024-01-05,19753148.00
2024-01-08,19503275.00
2024-01-09,19464704.00
2024-01-10,19464704.00
2024-01-11,19464704.00
2024-01-12,19464704.00
2024-01-15,19464704.00
2024-01-16,19464704.00
2024-01-17,19464704.00
2024-01-18,19464704.00
2024-01-19,19464704.00
2024-01-22,19464704.00
2024-01-23,19464704.00
2024-01-24,19464704.00
2024-01-25,19464704.00
2024-01-26,19464704.00
2024-01-29,19464704.00
2024-01-30,19464704.00
2024-01-31,19464704.00
2024-02-01,19464704.00
2024-02-02,19464704.00
2024-02-05,19464704.00
2024-02-06,19464704.00
2024-02-07,19464704.00
2024-02-08,19403327.00
2024-02-19,19273316.00
2024-02-20,18960527.00
2024-02-21,19546745.00
2024-02-22,19555601.00
2024-02-23,19502834.00
2024-02-26,19267781.00
2024-02-27,19200377.00
2024-02-28,19102592.00
2024-02-29,19268027.00
2024-03-01,19145765.00
2024-03-04,19038017.00
2024-03-05,19269257.00
2024-03-06,19090292.00
2024-03-07,19128176.00
2024-03-08,18978116.00
2024-03-11,18978116.00
2024-03-12,18978116.00
2024-03-13,18978116.00
2024-03-14,18849358.00
2024-03-15,18859592.00
2024-03-18,18749755.00
2024-03-19,18746899.00
2024-03-20,18765701.00
2024-03-21,18758561.00
2024-03-22,18667526.00
2024-03-25,18520680.00
2024-03-26,18762012.00
2024-03-27,18663361.00
2024-03-28,18670977.00
2024-03-29,18670977.00
2024-04-01,18670977.00
2024-04-02,18585099.00
2024-04-03,18598203.00
2024-04-08,18031338.00
2024-04-09,18031338.00
2024-04-10,18031338.00
2024-04-11,18031338.00
2024-04-12,18031338.00
2024-04-15,18031338.00
2024-04-16,18031338.00
2024-04-17,18031338.00
2024-04-18,18031338.00
2024-04-19,18031338.00
2024-04-22,18031338.00
2024-04-23,18031338.00
2024-04-24,18031338.00
2024-04-25,18031338.00
2024-04-26,18219823.00
2024-04-29,18157378.00
2024-04-30,18168878.00
2024-05-06,18803678.00
2024-05-07,18916378.00
2024-05-08,18847033.00
2024-05-09,18755378.00
2024-05-10,18559648.00
2024-05-13,18180378.00
2024-05-14,18134148.00
2024-05-15,18111378.00
2024-05-16,18163128.00
2024-05-17,18283878.00
2024-05-20,18283878.00
2024-05-21,18283878.00
2024-05-22,18283878.00
2024-05-23,18283878.00
2024-05-24,18283878.00
2024-05-27,18283878.00
2024-05-28,18283878.00
2024-05-29,18283878.00
2024-05-30,18283878.00
2024-05-31,18283878.00
2024-06-03,18283878.00
2024-06-04,18283878.00
2024-06-05,18283878.00
2024-06-06,18283878.00
2024-06-07,18283878.00
2024-06-11,18283878.00
2024-06-12,18283878.00
2024-06-13,18283878.00
2024-06-14,18283878.00
2024-06-17,18283878.00
2024-06-18,18283878.00
2024-06-19,18283878.00
2024-06-20,18283878.00
2024-06-21,18283878.00
2024-06-24,18283878.00
2024-06-25,18283878.00
2024-06-26,18283878.00
2024-06-27,18283878.00
2024-06-28,18283878.00
2024-07-01,18283878.00
2024-07-02,18283878.00
2024-07-03,18283878.00
2024-07-04,18283878.00
2024-07-05,18283878.00
2024-07-08,18283878.00
2024-07-09,18283878.00
2024-07-10,18283878.00
2024-07-11,18283878.00
2024-07-12,18283878.00
2024-07-15,18283878.00
2024-07-16,18283878.00
2024-07-17,18283878.00
2024-07-18,18233308.00
2024-07-19,18598738.00
2024-07-22,18252678.00
2024-07-23,17680678.00
2024-07-24,17485938.00
2024-07-25,17362048.00
2024-07-26,17254148.00
2024-07-29,17254148.00
2024-07-30,17254148.00
2024-07-31,17254148.00
2024-08-01,17254148.00
2024-08-02,17254148.00
2024-08-05,17254148.00
2024-08-06,17254148.00
2024-08-07,17254148.00
2024-08-08,17254148.00
2024-08-09,17254148.00
2024-08-12,17254148.00
2024-08-13,17254148.00
2024-08-14,17254148.00
2024-08-15,17254148.00
2024-08-16,17310178.00
2024-08-19,17235298.00
2024-08-20,17199938.00
2024-08-21,17133118.00
2024-08-22,17035228.00
2024-08-23,17099448.00
2024-08-26,17060578.00
2024-08-27,16957488.00
2024-08-28,16957488.00
2024-08-29,16957488.00
2024-08-30,16957488.00
2024-09-02,16957488.00
2024-09-03,16957488.00
2024-09-04,16957488.00
2024-09-05,16957488.00
2024-09-06,16957488.00
2024-09-09,16957488.00
2024-09-10,16957488.00
2024-09-11,16957488.00
2024-09-12,16957488.00
2024-09-13,16957488.00
2024-09-18,16957488.00
2024-09-19,16957488.00
2024-09-20,16957488.00
2024-09-23,16957488.00
2024-09-24,16957488.00
2024-09-25,16957488.00
2024-09-26,16957488.00
2024-09-27,16957488.00
2024-09-30,18276168.00
2024-10-08,17998668.00
2024-10-09,16579533.00
2024-10-10,17077368.00
2024-10-11,16688757.00
2024-10-14,16655457.00
2024-10-15,16125543.00
2024-10-16,15773118.00
2024-10-17,15463428.00
2024-10-18,15978468.00
2024-10-21,15843048.00
2024-10-22,16000668.00
2024-10-23,16272618.00
2024-10-24,16102788.00
2024-10-25,16176603.00
2024-10-28,16244868.00
2024-10-29,16244868.00
2024-10-30,16244868.00
2024-10-31,16244868.00
2024-11-01,16244868.00
2024-11-04,16244868.00
2024-11-05,16244868.00
2024-11-06,16244868.00
2024-11-07,16244868.00
2024-11-08,15833583.00
2024-11-11,15708003.00
2024-11-12,15489498.00
2024-11-13,15503148.00
2024-11-14,15453798.00
2024-11-15,15298398.00
2024-11-18,15298398.00
2024-11-19,15119058.00
2024-11-20,15119058.00
2024-11-21,15119058.00
2024-11-22,15119058.00
2024-11-25,15119058.00
2024-11-26,15119058.00
2024-11-27,15119058.00
2024-11-28,15119058.00
2024-11-29,15119058.00
2024-12-02,15119058.00
2024-12-03,15119058.00
2024-12-04,15119058.00
2024-12-05,15119058.00
2024-12-06,15119058.00
2024-12-09,15119058.00
2024-12-10,15119058.00
2024-12-11,15119058.00
2024-12-12,15119058.00
2024-12-13,14637018.00
2024-12-16,14721478.00
2024-12-17,15038718.00
2024-12-18,15177768.00
2024-12-19,14966721.00
2024-12-20,14913882.00
2024-12-23,14959717.00
2024-12-24,15087128.00
2024-12-25,14996282.00
2024-12-26,14973519.00
2024-12-27,14985673.00
2024-12-30,14944782.00
2024-12-31,14934482.00
2025-01-02,14563682.00
2025-01-03,14429782.00
2025-01-06,14429782.00
2025-01-07,14429782.00
2025-01-08,14429782.00
2025-01-09,14429782.00
2025-01-10,14429782.00
2025-01-13,14429782.00
2025-01-14,14429782.00
2025-01-15,14429782.00
2025-01-16,14429782.00
2025-01-17,14429782.00
2025-01-20,14429782.00
2025-01-21,14429782.00
2025-01-22,14429782.00
2025-01-23,14429782.00
2025-01-24,14429782.00
2025-01-27,14429782.00
2025-02-05,14429782.00
2025-02-06,14429782.00
2025-02-07,14429782.00
2025-02-10,14429782.00
2025-02-11,14429782.00
2025-02-12,14429782.00
2025-02-13,14429782.00
2025-02-14,14429782.00
2025-02-17,14394968.00
2025-02-18,14429782.00
2025-02-19,14594582.00
2025-02-20,14419482.00
2025-02-21,14565845.00
2025-02-24,14471703.00
2025-02-25,14213482.00
2025-02-26,14275385.00
2025-02-27,14538550.00
2025-02-28,14695419.00
2025-03-03,14553588.00
2025-03-04,14379415.00
2025-03-05,14340893.00
2025-03-06,14748876.00
2025-03-07,14903582.00
2025-03-10,14923152.00
2025-03-11,15188686.00
2025-03-12,15125856.00
2025-03-13,15076313.00
2025-03-14,16005785.00
2025-03-17,16107240.00
2025-03-18,15964482.00
2025-03-19,16085095.00
2025-03-20,15758482.00
2025-03-21,15446907.00
2025-03-24,15542182.00
2025-03-25,15464932.00
2025-03-26,15470082.00
2025-03-27,15603982.00
2025-03-28,15564945.00
2025-03-31,15315582.00
2025-04-01,15264288.00
2025-04-02,15192188.00
2025-04-03,15192188.00
2025-04-07,15192188.00
2025-04-08,15192188.00
2025-04-09,15192188.00
2025-04-10,15192188.00
2025-04-11,15192188.00
2025-04-14,15192188.00
2025-04-15,15192188.00
2025-04-16,15192188.00
2025-04-17,15192188.00
2025-04-18,15192188.00
2025-04-21,15192188.00
2025-04-22,15169528.00
2025-04-23,15202488.00
2025-04-24,15205063.00
2025-04-25,15205063.00
2025-04-28,15205063.00
2025-04-29,15205063.00
2025-04-30,15205063.00
2025-05-06,15205063.00
2025-05-07,15205063.00
2025-05-08,15205063.00
2025-05-09,15336262.00
2025-05-12,15470794.00
2025-05-13,15327374.00
2025-05-14,15778743.00
2025-05-15,15748645.00
2025-05-16,15568057.00
2025-05-19,15213042.00
2025-05-20,15283944.00
2025-05-21,15233141.00
2025-05-22,15223344.00
2025-05-23,15148604.00
2025-05-26,14925394.00
2025-05-27,14925394.00
2025-05-28,14925394.00
2025-05-29,14925394.00
2025-05-30,14925394.00
2025-06-03,14925394.00
2025-06-04,14925394.00
2025-06-05,14925394.00
2025-06-06,14925394.00
2025-06-09,14925394.00
2025-06-10,14925394.00
2025-06-11,14925394.00
2025-06-12,14925394.00
2025-06-13,14925394.00
2025-06-16,14925394.00
2025-06-17,14925394.00
2025-06-18,14925394.00
2025-06-19,14925394.00
2025-06-20,14925394.00
2025-06-23,14925394.00
2025-06-24,14925394.00
2025-06-25,14925394.00
2025-06-26,14925394.00
2025-06-27,14925394.00
2025-06-30,14925394.00
2025-07-01,14925394.00
2025-07-02,14925394.00
2025-07-03,14925394.00
2025-07-04,14925394.00
2025-07-07,14925394.00
2025-07-08,14984363.00
2025-07-09,15014556.00
2025-07-10,15097614.00
2025-07-11,15103064.00
2025-07-14,15066004.00
2025-07-15,14928664.00
2025-07-16,14928991.00
2025-07-17,14986979.00
2025-07-18,15212064.00
2025-07-21,15277464.00
2025-07-22,15517046.00
2025-07-23,15631714.00
2025-07-24,15806114.00
2025-07-25,15408264.00
2025-07-28,15230158.00
2025-07-29,15233864.00
2025-07-30,15347660.00
2025-07-31,15044967.00
2025-08-01,14994064.00
2025-08-04,14994064.00
2025-08-05,14994064.00
2025-08-06,14994064.00
2025-08-07,14994064.00
2025-08-08,14994064.00
2025-08-11,14994064.00
2025-08-12,14994064.00
2025-08-13,14994064.00
2025-08-14,14994064.00
2025-08-15,14994064.00
2025-08-18,14994064.00
2025-08-19,14994064.00
2025-08-20,14994064.00
2025-08-21,14994064.00
2025-08-22,15162054.00
2025-08-25,15444320.00
2025-08-26,15351016.00
2025-08-27,14991389.00
2025-08-28,14971059.00
2025-08-29,15333789.00
2025-09-01,15292059.00
2025-09-02,15454699.00
2025-09-03,15339674.00
2025-09-04,15255251.00
2025-09-05,15365889.00
2025-09-08,15560950.00
2025-09-09,15601289.00
2025-09-10,15783296.00
2025-09-11,15799239.00
2025-09-12,15718989.00
2025-09-15,15709359.00
2025-09-16,15547575.00
2025-09-17,15472889.00
2025-09-18,15204961.00
2025-09-19,15205068.00
2025-09-22,15048634.00
2025-09-23,15048634.00
2025-09-24,15048634.00
2025-09-25,15048634.00
2025-09-26,15048634.00
2025-09-29,15048634.00
2025-09-30,15048634.00
2025-10-09,15048634.00
2025-10-10,15048634.00
2025-10-13,15048634.00
2025-10-14,15048634.00
2025-10-15,15048634.00
2025-10-16,15048634.00
2025-10-17,15048634.00
2025-10-20,15048634.00
2025-10-21,15094965.00
2025-10-22,15056873.00
2025-10-23,15156169.00
2025-10-24,14963783.00
2025-10-27,14861170.00
2025-10-28,14910283.00
2025-10-29,14770113.00
2025-10-30,14770113.00
2025-10-31,14770113.00
2025-11-03,14770113.00
2025-11-04,14770113.00
2025-11-05,14770113.00
2025-11-06,14770113.00
2025-11-07,14770113.00
2025-11-10,14770113.00
2025-11-11,14770113.00
2025-11-12,14770113.00
2025-11-13,14824505.00
2025-11-14,14681193.00
2025-11-17,14830953.00
2025-11-18,14882953.00
2025-11-19,14831057.00
2025-11-20,14790497.00
2025-11-21,14785193.00
2025-11-24,14633353.00
2025-11-25,14556913.00
2025-11-26,14603713.00
2025-11-27,14584473.00
2025-11-28,14584473.00
2025-12-01,14584473.00
2025-12-02,14584473.00
2025-12-03,14584473.00
2025-12-04,14584473.00
2025-12-05,14584473.00
2025-12-08,14584473.00
2025-12-09,14584473.00
2025-12-10,14584473.00
2025-12-11,14584473.00
2025-12-12,14584473.00
2025-12-15,14584473.00
2025-12-16,14584473.00
2025-12-17,14584473.00
2025-12-18,14584473.00
2025-12-19,14584473.00
2025-12-22,14584473.00
2025-12-23,14580273.00
2025-12-24,14507193.00
2025-12-25,14646528.00
2025-12-26,14646108.00
2025-12-29,14518743.00
2025-12-30,14389803.00
2025-12-31,14258133.00
2026-01-05,14770743.00
2026-01-06,14791848.00
2026-01-07,14743023.00
2026-01-08,14626893.00
2026-01-09,14698293.00
2026-01-12,14741658.00
2026-01-13,14613243.00
2026-01-14,14476848.00
2026-01-15,14381088.00
2026-01-16,14381088.00
2026-01-19,14381088.00
2026-01-20,14381088.00
2026-01-21,14381088.00
2026-01-22,14381088.00
2026-01-23,14381088.00
2026-01-26,14381088.00
2026-01-27,14381088.00
2026-01-28,14381088.00
2026-01-29,14381088.00
2026-01-30,14381088.00
2026-02-02,14381088.00
2026-02-03,14381088.00
2026-02-04,14876880.00
2026-02-05,15173880.00
2026-02-06,14777979.00
2026-02-09,14876484.00
2026-02-10,14676900.00
2026-02-11,14672247.00
2026-02-12,14496720.00
2026-02-13,14483850.00
2026-02-24,14300700.00
2026-02-25,14546814.00
2026-02-26,14294859.00
2026-02-27,14184078.00
2026-03-02,14036469.00
2026-03-03,13898661.00
2026-03-04,13898661.00
2026-03-05,13898661.00
2026-03-06,13898661.00
2026-03-09,13898661.00
2026-03-10,13898661.00
2026-03-11,13898661.00
2026-03-12,13898661.00
2026-03-13,13898661.00
2026-03-16,13898661.00
2026-03-17,13898661.00
2026-03-18,13898661.00
2026-03-19,13745733.00
2026-03-20,13670181.00
2026-03-23,13315653.00
2026-03-24,13308549.00
2026-03-25,13336773.00
2026-03-26,13336773.00
2026-03-27,13336773.00
2026-03-30,13336773.00
2026-03-31,13336773.00
2026-04-01,13336773.00
2026-04-02,13340865.00
2026-04-03,13341981.00
2026-04-07,13156167.00
2026-04-08,13388667.00
2026-04-09,13346538.00
2026-04-10,13285809.00
2026-04-13,13186764.00
2026-04-14,13220151.00
2026-04-15,13411731.00
2026-04-16,13368393.00
2026-04-17,12851313.00
2026-04-20,12885258.00
2026-04-21,12895674.00
2026-04-22,12895674.00
2026-04-23,12895674.00
2026-04-24,12895674.00
2026-04-27,12895674.00
2026-04-28,12895674.00
2026-04-29,12895674.00
2026-04-30,12895674.00
2026-05-06,12895674.00
2026-05-07,12895674.00
2026-05-08,12895674.00
2026-05-11,12895674.00
2026-05-12,12895674.00
2026-05-13,12895674.00
2026-05-14,12895674.00
2026-05-15,12895674.00
2026-05-18,12895674.00
2026-05-19,12895674.00
2026-05-20,12895674.00
2026-05-21,12895674.00
2026-05-22,12895674.00
2026-05-25,12895674.00
2026-05-26,12895674.00
2026-05-27,12895674.00
2026-05-28,12895674.00
2026-05-29,12895674.00
2026-06-01,12895674.00
2026-06-02,12895674.00
2026-06-03,12895674.00
2026-06-04,12895674.00
2026-06-05,12895674.00
2026-06-08,12895674.00
2026-06-09,12895674.00
2026-06-10,12895674.00
2026-06-11,12895674.00
2026-06-12,12895674.00
2026-06-15,12895674.00
2026-06-16,12895674.00
2026-06-17,12895674.00
2026-06-18,12895674.00
2026-06-22,12895674.00
2026-06-23,12895674.00
2026-06-24,12895674.00
2026-06-25,12895674.00
2026-06-26,12895674.00
2026-06-29,12895674.00
2026-06-30,12895674.00
2026-07-01,12895674.00
2026-07-02,12895674.00
2026-07-03,12895674.00
2026-07-06,12895674.00
2026-07-07,12895674.00
2026-07-08,12895674.00
2026-07-09,12895674.00
2026-07-10,12895674.00
2026-07-13,12895674.00
2026-07-14,12895674.00
2026-07-15,13279182.00
2026-07-16,13363240.00
2026-07-17,13299746.00
2026-07-20,14089446.00
2026-07-21,13882746.00
2026-07-22,13850946.00
2026-07-23,13713252.00
2026-07-24,13770492.00
2026-07-27,13686646.00
2026-07-28,14009946.00
2026-07-29,14020546.00
2026-07-30,14452602.00
2026-07-31,14334306.00
2026-08-03,14423134.00
2026-08-04,14098562.00
2026-08-05,13866316.00
2026-08-06,13888576.00
2026-08-07,13895678.00
