date,symbol,side,quantity,price,cash_after,position_after
2020-02-13,MARKET,BUY,12000,831.74,19120.00,12000
2020-02-28,MARKET,SELL,12000,797.74,9592000.00,0
2020-03-04,MARKET,BUY,11000,869.66,25740.00,11000
2020-03-17,MARKET,SELL,11000,785.84,8669980.00,0
2020-04-02,MARKET,BUY,9700,885.74,78302.00,9700
2020-07-28,MARKET,SELL,9700,1427.77,13927671.00,0
2020-08-18,MARKET,BUY,9500,1462.77,31356.00,9500
2020-09-10,MARKET,SELL,9500,1463.57,13935271.00,0
2020-09-16,MARKET,BUY,9300,1482.87,144580.00,9300
2020-09-17,MARKET,SELL,9300,1428.29,13427677.00,0
2020-10-13,MARKET,BUY,8900,1496.77,106424.00,8900
2020-10-28,MARKET,SELL,8900,1422.58,12767386.00,0
2020-11-09,MARKET,BUY,8500,1500.34,14496.00,8500
2021-02-26,MARKET,SELL,8500,1880.55,15999171.00,0
2021-03-31,MARKET,BUY,9000,1766.77,98241.00,9000
2021-04-14,MARKET,SELL,9000,1804.77,16341171.00,0
2021-04-19,MARKET,BUY,8800,1845.77,98395.00,8800
2021-04-30,MARKET,SELL,8800,1764.55,15626435.00,0
2021-05-19,MARKET,BUY,8600,1806.77,88213.00,8600
2021-06-17,MARKET,SELL,8600,1914.68,16554461.00,0
2021-09-07,MARKET,BUY,11400,1446.06,69377.00,11400
2021-10-29,MARKET,SELL,11400,1603.14,18345173.00,0
2021-11-22,MARKET,BUY,11200,1631.33,74277.00,11200
2022-01-04,MARKET,SELL,11200,1828.29,20551125.00,0
2022-01-27,MARKET,BUY,11700,1742.06,169023.00,11700
2022-01-28,MARKET,SELL,11700,1664.06,19638525.00,0
2022-04-06,MARKET,BUY,12700,1542.06,54363.00,12700
2022-04-27,MARKET,SELL,12700,1571.98,20018509.00,0
2022-04-29,MARKET,BUY,12400,1605.44,111053.00,12400
2022-05-12,MARKET,SELL,12400,1539.73,19203705.00,0
2022-06-01,MARKET,BUY,12200,1565.31,106923.00,12200
2022-07-13,MARKET,SELL,12200,1757.62,21549887.00,0
2022-08-17,MARKET,BUY,12500,1716.73,90762.00,12500
2022-08-22,MARKET,SELL,12500,1692.71,21249637.00,0
2022-09-19,MARKET,BUY,12700,1670.37,35938.00,12700
2022-09-22,MARKET,SELL,12700,1619.54,20604096.00,0
2022-09-29,MARKET,BUY,12200,1679.08,119320.00,12200
2022-10-11,MARKET,SELL,12200,1578.72,19379704.00,0
2022-11-15,MARKET,BUY,13900,1386.73,104157.00,13900
2023-02-06,MARKET,SELL,13900,1615.64,22561553.00,0
2023-02-20,MARKET,BUY,13300,1695.64,9541.00,13300
2023-02-27,MARKET,SELL,13300,1631.05,21702506.00,0
2023-03-29,MARKET,BUY,13400,1610.64,119930.00,13400
2023-04-12,MARKET,SELL,13400,1514.74,20417446.00,0
2023-05-05,MARKET,BUY,12900,1570.64,156190.00,12900
2023-05-09,MARKET,SELL,12900,1542.64,20056246.00,0
2023-06-14,MARKET,BUY,12900,1547.52,93238.00,12900
2023-07-11,MARKET,SELL,12900,1556.55,20172733.00,0
2023-07-14,MARKET,BUY,12600,1599.55,18403.00,12600
2023-08-16,MARKET,SELL,12600,1666.55,21016933.00,0
2023-08-31,MARKET,BUY,12400,1693.55,16913.00,12400
2023-09-13,MARKET,SELL,12400,1666.46,20681017.00,0
2023-11-02,MARKET,BUY,12700,1626.05,30182.00,12700
2023-11-28,MARKET,SELL,12700,1615.59,20548175.00,0
2023-12-28,MARKET,BUY,12900,1590.65,28790.00,12900
2024-01-09,MARKET,SELL,12900,1506.66,19464704.00,0
2024-02-07,MARKET,BUY,12300,1576.65,71909.00,12300
2024-03-08,MARKET,SELL,12300,1537.09,18978116.00,0
2024-03-13,MARKET,BUY,11900,1593.11,20107.00,11900
2024-03-28,MARKET,SELL,11900,1567.30,18670977.00,0
2024-04-01,MARKET,BUY,11700,1586.99,103194.00,11700
2024-04-08,MARKET,SELL,11700,1532.32,18031338.00,0
2024-04-25,MARKET,BUY,11500,1558.70,106288.00,11500
2024-05-17,MARKET,SELL,11500,1580.66,18283878.00,0
2024-07-17,MARKET,BUY,13000,1397.94,110658.00,13000
2024-07-26,MARKET,SELL,13000,1318.73,17254148.00,0
2024-08-15,MARKET,BUY,13000,1323.43,49558.00,13000
2024-08-27,MARKET,SELL,13000,1300.61,16957488.00,0
2024-09-27,MARKET,BUY,11100,1525.74,21774.00,11100
2024-10-28,MARKET,SELL,11100,1461.54,16244868.00,0
2024-11-07,MARKET,BUY,10500,1545.68,15228.00,10500
2024-11-19,MARKET,SELL,10500,1438.46,15119058.00,0
2024-12-12,MARKET,BUY,10300,1462.34,56956.00,10300
2025-01-03,MARKET,SELL,10300,1395.42,14429782.00,0
2025-02-14,MARKET,BUY,10300,1395.42,56956.00,10300
2025-04-02,MARKET,SELL,10300,1469.44,15192188.00,0
2025-04-21,MARKET,BUY,10300,1471.42,36562.00,10300
2025-04-24,MARKET,SELL,10300,1472.67,15205063.00,0
2025-05-08,MARKET,BUY,10100,1498.61,69102.00,10100
2025-05-26,MARKET,SELL,10100,1470.92,14925394.00,0
2025-07-07,MARKET,BUY,10900,1358.72,115346.00,10900
2025-08-01,MARKET,SELL,10900,1365.02,14994064.00,0
2025-08-21,MARKET,BUY,10700,1396.27,53975.00,10700
2025-09-22,MARKET,SELL,10700,1401.37,15048634.00,0
2025-10-20,MARKET,BUY,10700,1405.95,4969.00,10700
2025-10-29,MARKET,SELL,10700,1379.92,14770113.00,0
2025-11-12,MARKET,BUY,10400,1413.17,73145.00,10400
2025-11-27,MARKET,SELL,10400,1395.32,14584473.00,0
2025-12-22,MARKET,BUY,10500,1380.24,91953.00,10500
2026-01-15,MARKET,SELL,10500,1360.87,14381088.00,0
2026-02-03,MARKET,BUY,9900,1446.90,56778.00,9900
2026-03-03,MARKET,SELL,9900,1398.17,13898661.00,0
2026-03-18,MARKET,BUY,9600,1440.78,67173.00,9600
2026-03-25,MARKET,SELL,9600,1382.25,13336773.00,0
2026-04-01,MARKET,BUY,9300,1431.42,24567.00,9300
2026-04-21,MARKET,SELL,9300,1383.99,12895674.00,0
2026-07-14,MARKET,BUY,10600,1214.88,17946.00,10600
